time,sample_valid,qc_ok,hour,cams_pm25_x16,pa_pm25_x16,expected_result_valid,actual_result_valid,expected_accepted,actual_accepted,expected_alert_level,actual_alert_level,expected_alert_state,actual_alert_state,expected_fused_pm25_x16,actual_fused_pm25_x16,expected_bias_state_x16,actual_bias_state_x16,match
2024-12-31T17:00:00Z,1,0,0,502,0,1,1,0,0,1,1,0,0,502,502,0,0,1
2024-12-31T18:00:00Z,1,0,1,546,0,1,1,0,0,1,1,0,0,546,546,0,0,1
2024-12-31T19:00:00Z,1,0,2,549,0,1,1,0,0,1,1,0,0,549,549,0,0,1
2024-12-31T20:00:00Z,1,0,3,536,0,1,1,0,0,1,1,0,0,536,536,0,0,1
2024-12-31T21:00:00Z,1,0,4,498,0,1,1,0,0,1,1,0,0,498,498,0,0,1
2024-12-31T22:00:00Z,1,0,5,456,0,1,1,0,0,1,1,0,0,456,456,0,0,1
2024-12-31T23:00:00Z,1,0,6,435,0,1,1,0,0,1,1,0,0,435,435,0,0,1
2025-01-01T00:00:00Z,1,0,7,579,0,1,1,0,0,2,2,1,1,579,579,0,0,1
2025-01-01T01:00:00Z,1,0,8,597,0,1,1,0,0,2,2,1,1,597,597,0,0,1
2025-01-01T02:00:00Z,1,0,9,590,0,1,1,0,0,2,2,1,1,590,590,0,0,1
2025-01-01T03:00:00Z,1,0,10,592,0,1,1,0,0,2,2,1,1,592,592,0,0,1
2025-01-01T04:00:00Z,1,0,11,538,0,1,1,0,0,1,1,1,1,538,538,0,0,1
2025-01-01T05:00:00Z,1,0,12,461,0,1,1,0,0,1,1,0,0,461,461,0,0,1
2025-01-01T06:00:00Z,1,0,13,416,0,1,1,0,0,1,1,0,0,416,416,0,0,1
2025-01-01T07:00:00Z,1,0,14,446,0,1,1,0,0,1,1,0,0,446,446,0,0,1
2025-01-01T08:00:00Z,1,0,15,496,0,1,1,0,0,1,1,0,0,496,496,0,0,1
2025-01-01T09:00:00Z,1,0,16,570,0,1,1,0,0,2,2,1,1,570,570,0,0,1
2025-01-01T10:00:00Z,1,0,17,742,0,1,1,0,0,2,2,1,1,742,742,0,0,1
2025-01-01T11:00:00Z,1,0,18,1200,0,1,1,0,0,3,3,1,1,1200,1200,0,0,1
2025-01-01T12:00:00Z,1,0,19,851,0,1,1,0,0,2,2,1,1,851,851,0,0,1
2025-01-01T13:00:00Z,1,0,20,1136,0,1,1,0,0,3,3,1,1,1136,1136,0,0,1
2025-01-01T14:00:00Z,1,0,21,1296,0,1,1,0,0,3,3,1,1,1296,1296,0,0,1
2025-01-01T15:00:00Z,1,0,22,1434,0,1,1,0,0,3,3,1,1,1434,1434,0,0,1
2025-01-01T16:00:00Z,1,0,23,1523,0,1,1,0,0,3,3,1,1,1523,1523,0,0,1
2025-01-01T17:00:00Z,1,0,0,1430,0,1,1,0,0,3,3,1,1,1430,1430,0,0,1
2025-01-01T18:00:00Z,1,0,1,1248,0,1,1,0,0,3,3,1,1,1248,1248,0,0,1
2025-01-01T19:00:00Z,1,0,2,1066,0,1,1,0,0,3,3,1,1,1066,1066,0,0,1
2025-01-01T20:00:00Z,1,0,3,962,0,1,1,0,0,3,3,1,1,962,962,0,0,1
2025-01-01T21:00:00Z,1,0,4,806,0,1,1,0,0,2,2,1,1,806,806,0,0,1
2025-01-01T22:00:00Z,1,0,5,754,0,1,1,0,0,2,2,1,1,754,754,0,0,1
2025-01-01T23:00:00Z,1,0,6,779,0,1,1,0,0,2,2,1,1,779,779,0,0,1
2025-01-02T00:00:00Z,1,0,7,819,0,1,1,0,0,2,2,1,1,819,819,0,0,1
2025-01-02T01:00:00Z,1,0,8,768,0,1,1,0,0,2,2,1,1,768,768,0,0,1
2025-01-02T02:00:00Z,1,0,9,670,0,1,1,0,0,2,2,1,1,670,670,0,0,1
2025-01-02T03:00:00Z,1,0,10,603,0,1,1,0,0,2,2,1,1,603,603,0,0,1
2025-01-02T04:00:00Z,1,0,11,565,0,1,1,0,0,1,1,1,1,565,565,0,0,1
2025-01-02T05:00:00Z,1,0,12,544,0,1,1,0,0,1,1,1,1,544,544,0,0,1
2025-01-02T06:00:00Z,1,0,13,558,0,1,1,0,0,1,1,1,1,558,558,0,0,1
2025-01-02T07:00:00Z,1,0,14,600,0,1,1,0,0,2,2,1,1,600,600,0,0,1
2025-01-02T08:00:00Z,1,0,15,613,0,1,1,0,0,2,2,1,1,613,613,0,0,1
2025-01-02T09:00:00Z,1,0,16,739,0,1,1,0,0,2,2,1,1,739,739,0,0,1
2025-01-02T10:00:00Z,1,0,17,874,0,1,1,0,0,2,2,1,1,874,874,0,0,1
2025-01-02T11:00:00Z,1,0,18,1002,0,1,1,0,0,3,3,1,1,1002,1002,0,0,1
2025-01-02T12:00:00Z,1,0,19,522,0,1,1,0,0,1,1,1,1,522,522,0,0,1
2025-01-02T13:00:00Z,1,0,20,446,0,1,1,0,0,1,1,0,0,446,446,0,0,1
2025-01-02T14:00:00Z,1,0,21,470,0,1,1,0,0,1,1,0,0,470,470,0,0,1
2025-01-02T15:00:00Z,1,0,22,563,0,1,1,0,0,1,1,0,0,563,563,0,0,1
2025-01-02T16:00:00Z,1,0,23,648,0,1,1,0,0,2,2,1,1,648,648,0,0,1
2025-01-02T17:00:00Z,1,0,0,694,0,1,1,0,0,2,2,1,1,694,694,0,0,1
2025-01-02T18:00:00Z,1,0,1,682,0,1,1,0,0,2,2,1,1,682,682,0,0,1
2025-01-02T19:00:00Z,1,0,2,702,0,1,1,0,0,2,2,1,1,702,702,0,0,1
2025-01-02T20:00:00Z,1,0,3,699,0,1,1,0,0,2,2,1,1,699,699,0,0,1
2025-01-02T21:00:00Z,1,0,4,696,0,1,1,0,0,2,2,1,1,696,696,0,0,1
2025-01-02T22:00:00Z,1,0,5,682,0,1,1,0,0,2,2,1,1,682,682,0,0,1
2025-01-02T23:00:00Z,1,0,6,624,0,1,1,0,0,2,2,1,1,624,624,0,0,1
2025-01-03T00:00:00Z,1,0,7,843,0,1,1,0,0,2,2,1,1,843,843,0,0,1
2025-01-03T01:00:00Z,1,0,8,714,0,1,1,0,0,2,2,1,1,714,714,0,0,1
2025-01-03T02:00:00Z,1,0,9,614,0,1,1,0,0,2,2,1,1,614,614,0,0,1
2025-01-03T03:00:00Z,1,0,10,541,0,1,1,0,0,1,1,1,1,541,541,0,0,1
2025-01-03T04:00:00Z,1,0,11,435,0,1,1,0,0,1,1,0,0,435,435,0,0,1
2025-01-03T05:00:00Z,1,0,12,394,0,1,1,0,0,1,1,0,0,394,394,0,0,1
2025-01-03T06:00:00Z,1,0,13,371,0,1,1,0,0,1,1,0,0,371,371,0,0,1
2025-01-03T07:00:00Z,1,0,14,336,0,1,1,0,0,1,1,0,0,336,336,0,0,1
2025-01-03T08:00:00Z,1,0,15,301,0,1,1,0,0,1,1,0,0,301,301,0,0,1
2025-01-03T09:00:00Z,1,0,16,269,0,1,1,0,0,1,1,0,0,269,269,0,0,1
2025-01-03T10:00:00Z,1,0,17,275,0,1,1,0,0,1,1,0,0,275,275,0,0,1
2025-01-03T11:00:00Z,1,0,18,331,0,1,1,0,0,1,1,0,0,331,331,0,0,1
2025-01-03T12:00:00Z,1,0,19,530,0,1,1,0,0,1,1,0,0,530,530,0,0,1
2025-01-03T13:00:00Z,1,0,20,608,0,1,1,0,0,2,2,1,1,608,608,0,0,1
2025-01-03T14:00:00Z,1,0,21,626,0,1,1,0,0,2,2,1,1,626,626,0,0,1
2025-01-03T15:00:00Z,1,0,22,661,0,1,1,0,0,2,2,1,1,661,661,0,0,1
2025-01-03T16:00:00Z,1,0,23,683,0,1,1,0,0,2,2,1,1,683,683,0,0,1
2025-01-03T17:00:00Z,1,0,0,674,0,1,1,0,0,2,2,1,1,674,674,0,0,1
2025-01-03T18:00:00Z,1,0,1,706,0,1,1,0,0,2,2,1,1,706,706,0,0,1
2025-01-03T19:00:00Z,1,0,2,702,0,1,1,0,0,2,2,1,1,702,702,0,0,1
2025-01-03T20:00:00Z,1,0,3,656,0,1,1,0,0,2,2,1,1,656,656,0,0,1
2025-01-03T21:00:00Z,1,0,4,613,0,1,1,0,0,2,2,1,1,613,613,0,0,1
2025-01-03T22:00:00Z,1,0,5,582,0,1,1,0,0,2,2,1,1,582,582,0,0,1
2025-01-03T23:00:00Z,1,0,6,568,0,1,1,0,0,2,2,1,1,568,568,0,0,1
2025-01-04T00:00:00Z,1,0,7,846,0,1,1,0,0,2,2,1,1,846,846,0,0,1
2025-01-04T01:00:00Z,1,0,8,747,0,1,1,0,0,2,2,1,1,747,747,0,0,1
2025-01-04T02:00:00Z,1,0,9,662,0,1,1,0,0,2,2,1,1,662,662,0,0,1
2025-01-04T03:00:00Z,1,0,10,581,0,1,1,0,0,2,2,1,1,581,581,0,0,1
2025-01-04T04:00:00Z,1,0,11,510,0,1,1,0,0,1,1,0,0,510,510,0,0,1
2025-01-04T05:00:00Z,1,0,12,475,0,1,1,0,0,1,1,0,0,475,475,0,0,1
2025-01-04T06:00:00Z,1,0,13,454,0,1,1,0,0,1,1,0,0,454,454,0,0,1
2025-01-04T07:00:00Z,1,0,14,435,0,1,1,0,0,1,1,0,0,435,435,0,0,1
2025-01-04T08:00:00Z,1,0,15,427,0,1,1,0,0,1,1,0,0,427,427,0,0,1
2025-01-04T09:00:00Z,1,0,16,445,0,1,1,0,0,1,1,0,0,445,445,0,0,1
2025-01-04T10:00:00Z,1,0,17,523,0,1,1,0,0,1,1,0,0,523,523,0,0,1
2025-01-04T11:00:00Z,1,0,18,542,0,1,1,0,0,1,1,0,0,542,542,0,0,1
2025-01-04T12:00:00Z,1,0,19,918,0,1,1,0,0,3,3,1,1,918,918,0,0,1
2025-01-04T13:00:00Z,1,0,20,747,0,1,1,0,0,2,2,1,1,747,747,0,0,1
2025-01-04T14:00:00Z,1,0,21,608,0,1,1,0,0,2,2,1,1,608,608,0,0,1
2025-01-04T15:00:00Z,1,0,22,514,0,1,1,0,0,1,1,1,1,514,514,0,0,1
2025-01-04T16:00:00Z,1,0,23,477,0,1,1,0,0,1,1,0,0,477,477,0,0,1
2025-01-04T17:00:00Z,1,0,0,462,0,1,1,0,0,1,1,0,0,462,462,0,0,1
2025-01-04T18:00:00Z,1,0,1,499,0,1,1,0,0,1,1,0,0,499,499,0,0,1
2025-01-04T19:00:00Z,1,0,2,694,0,1,1,0,0,2,2,1,1,694,694,0,0,1
2025-01-04T20:00:00Z,1,0,3,1091,0,1,1,0,0,3,3,1,1,1091,1091,0,0,1
